"App id","Request execution timestamp","Request method","Response status code","ID","Path"
"1777991","1686163290039","POST","200","3904c0c2-3291-4092-afcb-262719148664","/crm/v3/objects/contacts/batch/update"
"1777991","1686163289751","POST","200","6d373e87-6d85-453b-b727-46a16bd1ad33","/crm/v3/objects/contacts/batch/update"
"1777991","1686163289444","POST","200","07458758-0d82-4785-9191-69b0cde3bce3","/crm/v3/objects/contacts/batch/update"
"1777991","1686163289139","POST","200","d75ca38d-9909-4a3d-a962-60409ddff3d1","/crm/v3/objects/contacts/batch/update"
"1777991","1686163288791","POST","200","b612de15-5515-430a-a607-6e2e3686c165","/crm/v3/objects/contacts/batch/update"
"1777991","1686163288508","POST","200","8f2f65a2-aef5-4d82-8b02-ddace437b2cc","/crm/v3/objects/contacts/batch/update"
"1777991","1686163288195","POST","200","19d2c11e-d56e-4d28-a8a7-e3a1d8c8e68e","/crm/v3/objects/contacts/batch/update"
"1777991","1686163287892","POST","200","2c13c2f4-b74a-47e7-a687-4813e7893c55","/crm/v3/objects/contacts/batch/update"
"1777991","1686163287576","POST","200","da435c72-5459-47d8-9b37-39bc667ebcc2","/crm/v3/objects/contacts/batch/update"
"1777991","1686163287282","POST","200","d173d6d6-58f9-49b6-864f-303d1a84fa5d","/crm/v3/objects/contacts/batch/update"
"1777991","1686163286972","POST","200","95afc9a1-ef6f-4c26-9b37-47adf346cf9b","/crm/v3/objects/contacts/batch/update"
"1777991","1686163286668","POST","200","33a9c239-2cd6-4a06-83a5-c2fff31d5ff6","/crm/v3/objects/contacts/batch/update"
"1777991","1686163286373","POST","200","ad3c7587-7120-4563-962e-0a8ddaa69570","/crm/v3/objects/contacts/batch/update"
"1777991","1686163286060","POST","200","3a28109b-3ed5-4ad2-9fe1-2e78141dc2a2","/crm/v3/objects/contacts/batch/update"
"1777991","1686163285688","POST","200","14aeb236-d991-4563-88b5-8b61f5662a4c","/crm/v3/objects/contacts/batch/update"
"1777991","1686163285362","POST","200","a59a6e2b-cf56-4a05-a3a9-734f2c960bc8","/crm/v3/objects/contacts/batch/update"
"1777991","1686163285043","POST","200","718c1dc0-1f0f-4f14-a843-7ee5cc0ba9a6","/crm/v3/objects/contacts/batch/update"
"1777991","1686163284716","POST","200","0d1b8810-ea3f-4ee1-a72f-42c362876736","/crm/v3/objects/contacts/batch/update"
"1777991","1686163284386","POST","200","c5953613-469a-49ec-9def-886a063549a7","/crm/v3/objects/contacts/batch/update"
"1777991","1686163284080","POST","200","2244c7e1-b82e-4fde-aba8-91939ecf3133","/crm/v3/objects/contacts/batch/update"
"1777991","1686163283747","POST","200","7a1c943c-97ee-4c37-b610-3116ca37d4db","/crm/v3/objects/contacts/batch/update"
"1777991","1686163283446","POST","200","2700d81b-d8f8-4c9e-9628-bf91b6a5be2b","/crm/v3/objects/contacts/batch/update"
"1777991","1686163283149","POST","200","2a2f0287-0f04-4973-bd13-bdd45d7536a1","/crm/v3/objects/contacts/batch/update"
"1777991","1686163282857","POST","200","2b5e9619-8270-4267-a434-923a186766be","/crm/v3/objects/contacts/batch/update"
"1777991","1686163282552","POST","200","dbc2a10e-7987-4a20-82c4-515d17939034","/crm/v3/objects/contacts/batch/update"
"1777991","1686163282157","POST","200","49c23f33-963b-431f-ab13-5cffd3a27f87","/crm/v3/objects/contacts/batch/update"
"1777991","1686163281860","POST","200","af90f963-c5aa-47a7-a2fd-ad672445b677","/crm/v3/objects/contacts/batch/update"
"1777991","1686163280525","POST","200","ed225354-c7d7-4d4e-935e-88d544a0e8a9","/crm/v3/objects/contacts/batch/update"
"1777991","1686163280194","POST","200","2464e691-b69d-40bc-bb84-f9f4f637808b","/crm/v3/objects/contacts/batch/update"
"1777991","1686163279888","POST","200","48896d0a-548b-49f6-b29a-2d88582e73ec","/crm/v3/objects/contacts/batch/update"
"1777991","1686163279592","POST","200","9afce77e-8b1d-4ff0-941e-355db1f1d975","/crm/v3/objects/contacts/batch/update"
"1777991","1686163279280","POST","200","c59e153d-b393-4d00-94b3-5143388baf3b","/crm/v3/objects/contacts/batch/update"
"1777991","1686163278964","POST","200","3e908707-b55b-4042-b692-09cf4a363bda","/crm/v3/objects/contacts/batch/update"
"1777991","1686163278654","POST","200","4d5368a7-e281-419a-9b97-86288c54c262","/crm/v3/objects/contacts/batch/update"
"1777991","1686163278332","POST","200","47c04368-424d-40d7-8922-aaf0ff8d7bf5","/crm/v3/objects/contacts/batch/update"
"1777991","1686163278020","POST","200","9c6183d2-6a4c-4eb9-9078-c4701ddda5ad","/crm/v3/objects/contacts/batch/update"
"1777991","1686163277716","POST","200","a54ac885-06a6-4ccf-928b-f065c5f557db","/crm/v3/objects/contacts/batch/update"
"1777991","1686163277395","POST","200","13801bab-0788-4672-8e16-8eaf91703a65","/crm/v3/objects/contacts/batch/update"
"1777991","1686163277058","POST","200","d5673248-29a1-46f9-8ead-663e823072dc","/crm/v3/objects/contacts/batch/update"
"1777991","1686163276707","POST","200","b23e533a-43c0-41b8-97fb-c2b44cec8e37","/crm/v3/objects/contacts/batch/update"
"1777991","1686163276416","POST","200","a0e1a8fd-3f7d-4905-8377-68cec3d7728c","/crm/v3/objects/contacts/batch/update"
"1777991","1686163276106","POST","200","3f52d378-25f1-44de-ac15-0f203c9cb0f8","/crm/v3/objects/contacts/batch/update"
"1777991","1686163275795","POST","200","aadb4189-cc8a-43a7-bb33-763791769557","/crm/v3/objects/contacts/batch/update"
"1777991","1686163275494","POST","200","740343b9-b339-42a8-af68-2c6ef9166b12","/crm/v3/objects/contacts/batch/update"
"1777991","1686163275214","POST","200","af345ef9-9aab-4c3a-a57b-faba91c5a41b","/crm/v3/objects/contacts/batch/update"
"1777991","1686163274895","POST","200","379e186f-231a-4cea-8653-d2b11cb0dfbd","/crm/v3/objects/contacts/batch/update"
"1777991","1686163274566","POST","200","a7cb6d0c-b669-40ba-b1c4-25666ce07a92","/crm/v3/objects/contacts/batch/update"
"1777991","1686163274279","POST","200","61d8bd6d-ea12-4f47-8801-651db907ca53","/crm/v3/objects/contacts/batch/update"
"1777991","1686163273965","POST","200","68ab847a-5bfa-4e57-bac8-25aac71943b0","/crm/v3/objects/contacts/batch/update"
"1777991","1686163273652","POST","200","128a4631-90a2-41d6-a3d2-d9fee945802f","/crm/v3/objects/contacts/batch/update"
"1777991","1686163273344","POST","200","88facfc3-f9ac-48f6-946a-b32813e802c7","/crm/v3/objects/contacts/batch/update"
"1777991","1686163273049","POST","200","c19b0107-7070-469b-99fb-4a08df763376","/crm/v3/objects/contacts/batch/update"
"1777991","1686163272577","POST","200","7a95bd4b-b88f-4d88-9f96-910c08c6aa25","/crm/v3/objects/contacts/batch/update"
"1777991","1686163272237","POST","200","ffbe9873-3fd3-45f8-b25c-f0777333b41d","/crm/v3/objects/contacts/batch/update"
"1777991","1686163271940","POST","200","4b116040-56ae-483a-b5fb-7dc2b6c33bfe","/crm/v3/objects/contacts/batch/update"
"1777991","1686163271587","POST","200","906311fc-a8c2-4b7c-9382-a22bcc42165e","/crm/v3/objects/contacts/batch/update"
"1777991","1686163271283","POST","200","504ea0a9-db60-4c8a-a06b-92303f07d56d","/crm/v3/objects/contacts/batch/update"
"1777991","1686163270977","POST","200","c5ffe1a5-8a1b-4513-a824-a448dff7246e","/crm/v3/objects/contacts/batch/update"
"1777991","1686163270660","POST","200","cfd1131b-9c99-45c0-a1e3-4fbd72328908","/crm/v3/objects/contacts/batch/update"
"1777991","1686163270343","POST","200","65214553-58bd-4d27-88d5-d1acfc77d090","/crm/v3/objects/contacts/batch/update"
"1777991","1686163270004","POST","200","c784ee7c-e691-4c40-a416-9be183eb42da","/crm/v3/objects/contacts/batch/update"
"1777991","1686163269685","POST","200","8d2419aa-8e91-4d28-8ec4-1f6d87456c58","/crm/v3/objects/contacts/batch/update"
"1777991","1686163269362","POST","200","bdf24d46-4dee-4a7a-8cbd-a92784d9f2b7","/crm/v3/objects/contacts/batch/update"
"1777991","1686163269028","POST","200","bea19067-25cb-4284-bc44-d301d2e71761","/crm/v3/objects/contacts/batch/update"
"1777991","1686163268690","POST","200","7ccf0258-ca0b-4c09-9de5-b8db3741cef9","/crm/v3/objects/contacts/batch/update"
"1777991","1686163268365","POST","200","a6189206-f269-4c4c-bfd0-490475e737ad","/crm/v3/objects/contacts/batch/update"
"1777991","1686163268033","POST","200","3fa83aba-1da7-49e9-ab19-523111f0bb2d","/crm/v3/objects/contacts/batch/update"
"1777991","1686163267742","POST","200","04f51381-0026-4263-89e5-4dd9f7bd5675","/crm/v3/objects/contacts/batch/update"
"1777991","1686163267409","POST","200","7948ace4-336a-4636-a40b-0444e0806b1b","/crm/v3/objects/contacts/batch/update"
"1777991","1686163267097","POST","200","b87376dd-f7c0-4842-9989-1eeee061e28f","/crm/v3/objects/contacts/batch/update"
"1777991","1686163266792","POST","200","090b3e02-a6ae-44f4-9ad0-6cd5a17265c3","/crm/v3/objects/contacts/batch/update"
"1777991","1686163266449","POST","200","f9e87073-bb77-43eb-bc51-9b15ce72ea38","/crm/v3/objects/contacts/batch/update"
"1777991","1686163266127","POST","200","97dc8077-8bd9-414b-850d-d7d6d110468f","/crm/v3/objects/contacts/batch/update"
"1777991","1686163265807","POST","200","a7baff2e-2c8b-49ed-9ea2-bffa7b4340d6","/crm/v3/objects/contacts/batch/update"
"1777991","1686163265479","POST","200","60e0dbca-5cba-4628-9850-b8479dd47c09","/crm/v3/objects/contacts/batch/update"
"1777991","1686163265172","POST","200","19b20993-268c-45a5-a14d-02973b4aaa84","/crm/v3/objects/contacts/batch/update"
"1777991","1686163264801","POST","200","740c74d8-fb74-4236-a234-c11879580b7a","/crm/v3/objects/contacts/batch/update"
"1777991","1686163264513","POST","200","12a484ef-ae8e-4d82-9131-82c364769d71","/crm/v3/objects/contacts/batch/update"
"1777991","1686163263850","POST","200","40a6be39-2614-40c8-a3c5-33a145383c47","/crm/v3/objects/contacts/batch/update"
"1777991","1686163263538","POST","200","3ac9db3e-42ec-4a37-9e8d-c6a3493213c8","/crm/v3/objects/contacts/batch/update"
"1777991","1686163263196","POST","200","d02d4f42-ba77-4678-afa7-1e8cba758933","/crm/v3/objects/contacts/batch/update"
"1777991","1686163262914","POST","200","f528ab1a-4165-4f31-b5e8-bf8d6c92cf3c","/crm/v3/objects/contacts/batch/update"
"1777991","1686163262427","POST","200","d482e7e3-dfa6-4eab-9503-2c6c3ad8bf22","/crm/v3/objects/contacts/batch/update"
"1777991","1686163262125","POST","200","9e12575d-fd45-4b7b-9020-86b0f3a41fcb","/crm/v3/objects/contacts/batch/update"
"1777991","1686163261788","POST","200","19506d70-5f37-4cae-9dc7-70fc066e91fa","/crm/v3/objects/contacts/batch/update"
"1777991","1686163261442","POST","200","4af2938b-93bf-4e87-b606-f59c06544296","/crm/v3/objects/contacts/batch/update"
"1777991","1686163261127","POST","200","970a9be1-f68d-4eba-b0e4-ab9bbbea8d68","/crm/v3/objects/contacts/batch/update"
"1777991","1686163260824","POST","200","a06464ad-bac9-47e3-a1e0-2c8f76d1a563","/crm/v3/objects/contacts/batch/update"
"1777991","1686163260465","POST","200","3f8a8d7b-63a7-44e4-9bd9-b1e0c785d384","/crm/v3/objects/contacts/batch/update"
"1777991","1686163260152","POST","200","3368a684-26c1-411d-b097-67a4e1525cd3","/crm/v3/objects/contacts/batch/update"
"1777991","1686163259814","POST","200","8c269eea-1818-4e34-8bf0-1573c02aaa84","/crm/v3/objects/contacts/batch/update"
"1777991","1686163259476","POST","200","171b73a4-9df8-4f22-b870-1bf5e9b30d02","/crm/v3/objects/contacts/batch/update"
"1777991","1686163259171","POST","200","54c6391d-8607-48e5-8e4b-e7dd3d5e7431","/crm/v3/objects/contacts/batch/update"
"1777991","1686163258843","POST","200","838f979e-c3d5-4cca-8e23-878533f556ee","/crm/v3/objects/contacts/batch/update"
"1777991","1686163258475","POST","200","9724ee02-1ae9-4483-a744-6c19cc147987","/crm/v3/objects/contacts/batch/update"
"1777991","1686163258171","POST","200","a4298e35-8c81-4618-9c17-9d3a756736bd","/crm/v3/objects/contacts/batch/update"
"1777991","1686163257847","POST","200","87021a57-0618-4571-ac82-8b055c893068","/crm/v3/objects/contacts/batch/update"
"1777991","1686163257372","POST","200","f5c328a7-6789-4f61-92f2-a29477b6e8e5","/crm/v3/objects/contacts/batch/update"
"1777991","1686163256967","POST","200","59f02026-388f-47ad-9c2b-fb2c0b509e69","/crm/v3/objects/contacts/batch/update"
"1777991","1686163256588","POST","200","294603e4-ddc7-480f-96df-5526e9dfc8eb","/crm/v3/objects/contacts/batch/update"
"1777991","1686162295657","POST","200","f8508d46-dce8-4db7-a60c-454ee4bc8037","/crm/v3/objects/contacts/batch/update"
"1777991","1686162295164","POST","200","425000ae-182e-4c0f-88a1-91380cea0ede","/crm/v3/objects/contacts/batch/update"
"1777991","1686162212925","POST","201","8509419e-269d-4660-ad75-eacf44dd4ae9","/crm/v3/objects/contacts/batch/create"
"1777991","1686162212450","POST","200","1acbbb9a-d076-412d-9690-70097697b93c","/crm/v3/objects/contacts/batch/create"
"1777991","1686161924442","POST","201","0f68655e-09c4-47d2-bd3a-7e6837f8c629","/crm/v3/objects/contacts/batch/create"
"1777991","1686161924117","POST","200","b119e885-dab1-4c0b-8d42-cfd0ed8e055a","/crm/v3/objects/contacts/batch/create"
